VehicleID,Amount(MillionNaira)
VHL18518,3.3779194
VHL17149,5.2518497
VHL10927,5.0030184
VHL12909,4.722039
VHL12348,7.295446
VHL10798,30.881937
VHL11022,4.1764
VHL12206,6.0836277
VHL11697,9.514297
VHL12313,5.2549343
VHL13411,13.281456
VHL14334,4.2844176
VHL14302,5.141151
VHL13979,5.8497314
VHL12272,3.3708744
VHL15071,5.885867
VHL19166,6.141816
VHL10471,3.9536626
VHL18431,3.170872
VHL12325,8.920717
VHL15657,4.403949
VHL13667,26.365084
VHL18913,3.611409
VHL13273,2.9891613
VHL16576,1.0485572
VHL15506,7.822364
VHL10460,94.46809
VHL16050,4.3923926
VHL17918,4.771518
VHL12992,4.012248
VHL10261,13.525168
VHL18348,6.5958347
VHL11577,6.772332
VHL16957,0.90405756
VHL16165,12.213344
VHL11441,4.8329425
VHL19990,4.4425926
VHL14072,5.022788
VHL13637,1.6181228
VHL10757,8.658252
VHL12657,10.52725
VHL19939,10.592995
VHL12094,11.011552
VHL17177,3.549606
VHL16720,8.960539
VHL11478,18.851017
VHL14386,10.470062
VHL11341,17.17406
VHL18683,5.7672815
VHL13430,18.791473
VHL18932,4.3949327
VHL17505,5.929231
VHL16272,5.2366242
VHL14777,7.675794
VHL13186,7.584106
VHL19383,2.607231
VHL14605,15.104077
VHL11440,20.142765
VHL14303,12.324855
VHL19478,4.5867653
VHL17837,11.341502
VHL12824,2.5921488
VHL17476,4.79085
VHL18988,2.6815562
VHL19482,8.580005
VHL13263,4.3562317
VHL17078,34.55904
VHL19170,1.1299556
VHL18070,6.477481
VHL18061,17.868462
VHL10726,13.785421
VHL19212,4.868707
VHL13283,4.735839
VHL14023,6.08491
VHL16973,64.67171
VHL19653,16.046982
VHL18605,11.4043045
VHL13287,10.8023815
VHL15719,3.5316062
VHL19636,7.4070787
VHL11009,0.6813118
VHL18087,1.4648204
VHL14422,3.1782725
VHL15789,39.99643
VHL12369,2.8192515
VHL15812,5.250152
VHL18767,254.49611
VHL19271,20.628954
VHL17403,3.9433486
VHL12967,4.482508
VHL19998,8.067275
VHL12336,3.693249
VHL10328,4.021525
VHL18908,3.439417
VHL11127,6.50827
VHL12655,12.318936
VHL19086,145.87418
VHL10384,5.8632965
VHL15712,0.92701405
VHL11054,13.066906
VHL16505,3.2183528
VHL10534,3.5307674
VHL14120,4.4774337
VHL10206,6.9885864
VHL13595,7.04697
VHL15887,5.524952
VHL12672,3.0015907
VHL19770,7.570936
VHL13026,16.379917
VHL12635,5.4374156
VHL14014,3.5479832
VHL19238,4.775327
VHL18156,3.6587613
VHL13087,6.853123
VHL13743,3.495637
VHL19323,117.7614
VHL16129,6.510645
VHL17626,3.8996253
VHL14525,1.6599481
VHL15597,237.00838
VHL19429,5.0834804
VHL14074,11.605816
VHL17422,24.916677
VHL11861,59.40395
VHL19828,28.119682
VHL14000,3.261787
VHL12312,6.9468627
VHL16257,7.4349427
VHL14859,1.3253468
VHL16048,2.5250552
VHL14039,1.3180051
VHL10296,9.303392
VHL14949,2.4322102
VHL17034,15.586271
VHL17149,12.199219
VHL19677,4.580126
VHL14433,3.545488
VHL16582,5.5546913
VHL10059,14.0021
VHL17140,12.787811
VHL10364,6.93407
VHL16932,3.6076012
VHL18587,5.5740566
VHL13635,2.616254
VHL18371,23.028296
VHL19622,16.318892
VHL18669,13.004402
VHL17359,4.363368
VHL19788,6.7851486
VHL19078,19.166006
VHL12673,3.3874366
VHL17895,2.6458704
VHL18950,24.896338
VHL13562,67.97289
VHL11306,16.493452
VHL15496,7.220931
VHL11927,19.554598
VHL10392,24.6814
VHL14124,6.8964124
VHL12586,4.2574654
VHL12895,1.2501105
VHL18481,8.261082
VHL11310,5.2846637
VHL15810,3.381229
VHL16037,5.0806623
VHL19627,37.91509
VHL11152,3.4598927
VHL17698,19.896984
VHL19815,29.197311
VHL18192,5.3621793
VHL19720,3.5166605
VHL11686,10.710443
VHL18649,6.233294
VHL12765,1.7308067
VHL10026,25.833326
VHL11001,9.764898
VHL13433,4.263789
VHL17827,3.7585564
VHL12344,3.1905093
VHL17308,47.663986
VHL18722,3.937305
VHL17199,3.2950346
VHL15338,4.956009
VHL16946,6.6967125
VHL11039,6.2448545
VHL18017,10.437804
VHL15945,15.475045
VHL14724,5.4403667
VHL15314,31.466797
VHL14276,3.3616524
VHL17883,1.2003702
VHL14385,16.690794
VHL18665,0.9713222
VHL15936,38.15727
VHL19518,4.128248
VHL13530,1.6901933
VHL17861,13.2146845
VHL10966,24.586798
VHL11652,8.952617
VHL16641,9.59778
VHL12017,9.528214
VHL14856,2.9549406
VHL16801,6.4300027
VHL16814,30.820871
VHL13748,5.96294
VHL13104,15.84626
VHL10022,11.303557
VHL14787,6.2079263
VHL19015,3.7883646
VHL11089,3.3411202
VHL13873,3.8329916
VHL15486,31.209045
VHL13253,0.9718159
VHL15232,2.7566113
VHL18914,7.0160737
VHL14922,6.3084135
VHL14541,4.3715234
VHL15820,23.068022
VHL10710,6.604958
VHL11752,1.8753356
VHL13868,4.4242578
VHL17442,16.462065
VHL14571,14.838787
VHL17155,5.751247
VHL11093,7.666683
VHL18280,4.571993
VHL18425,3.9568942
VHL10175,3.6136417
VHL15307,10.888824
VHL18062,6.449235
VHL18972,1.5732006
VHL11185,5.2801867
VHL10343,5.3871217
VHL10450,2.885548
VHL19621,13.328048
VHL14502,6.7639427
VHL12768,5.853202
VHL19922,11.265363
VHL10824,18.190458
VHL16646,5.2759476
VHL15462,5.848031
VHL15801,2.398215
VHL10322,8.25319
VHL15613,9.729474
VHL17756,3.5858853
VHL16186,20.915129
VHL19061,4.163119
VHL13446,39.331154
VHL10599,28.744589
VHL18255,19.000845
VHL17948,6.2174644
VHL17616,0.29549015
VHL17664,57.94774
VHL18299,4.31476
VHL18959,5.574982
VHL10473,6.9887214
VHL17271,18.986078
VHL19798,3.4045503
VHL17935,45.255585
VHL10245,22.00118
VHL15041,6.9310226
VHL15001,8.403439
VHL16287,2.381526
VHL13974,7.332427
VHL15764,35.909626
VHL18888,4.2387757
VHL14882,8.029134
VHL19424,7.9484262
VHL13785,218.45795
VHL10783,15.574114
VHL19808,3.3324897
VHL18890,8.960539
VHL13440,5.7331715
VHL13285,7.981055
VHL18805,38.33543
VHL18550,1.3371176
VHL10061,17.215015
VHL18522,12.573321
VHL16813,10.32231
VHL11036,7.752884
VHL12107,11.895076
VHL17826,15.125745
VHL14449,2.7647195
VHL14938,3.6160254
VHL14098,8.626609
VHL19241,0.10775214
VHL17856,5.2633734
VHL18900,4.5929055
VHL11133,10.311578
VHL11687,35.178078
VHL12719,3.1359193
VHL15531,10.715839
VHL17329,93.71391
VHL16806,2.3269608
VHL11582,0.7194997
VHL16362,2.8383234
VHL11119,3.0332465
VHL13806,26.217545
VHL11733,3.2261522
VHL18959,91.25216
VHL17287,2.1686225
VHL11709,16.878784
VHL19793,4.413411
VHL19880,4.165148
VHL19964,26.800411
VHL12784,24.437813
VHL17371,18.407526
VHL12439,3.2388978
VHL16652,5.277097
VHL17836,14.605858
VHL16597,8.696291
VHL18707,5.141151
VHL16683,6.6810255
VHL15365,2.7891262
VHL13507,10.394748
VHL14459,31.90024
VHL19300,9.172741
VHL18418,11.207783
VHL15350,4.210032
VHL15927,3.6104805
VHL12985,10.179741
VHL10426,9.641637
VHL10506,4.9730115
VHL11042,9.208085
VHL18043,6.172154
VHL16258,7.6566515
VHL19326,4.723937
VHL15424,11.613052
VHL19014,1.8937862
VHL11310,14.376626
VHL12927,10.1629
VHL10082,5.9372535
VHL10068,21.808693
VHL13660,5.4508343
VHL18810,6.4973063
VHL17666,52.45172
VHL18022,4.696053
VHL11237,20.57369
VHL17240,12.981399
VHL13512,11.075559
VHL10596,40.635723
VHL10073,4.0031033
VHL13719,3.486896
VHL10077,2.2998874
VHL13151,8.449777
VHL12499,4.251112
VHL18832,12.466496
VHL16790,9.458797
VHL13880,12.204303
VHL19448,5.461416
VHL15860,5.549842
VHL14538,4.2717614
VHL16505,3.8594897
VHL11544,26.337982
VHL19830,15.027621
VHL10194,6.3234615
VHL15744,2.5832918
VHL10957,3.3522344
VHL12568,4.6589327
VHL19448,8.229327
VHL14417,2.9883263
VHL10368,14.902109
VHL10806,2.9785259
VHL17414,7.2237334
VHL14892,3.4238346
VHL17933,9.768322
VHL15852,31.377014
VHL10505,27.807392
VHL18345,12.526698
VHL13294,13.715096
VHL18253,8.183721
VHL17152,10.32711
VHL12883,32.951637
VHL16101,23.860672
VHL15563,4.7421966
VHL10313,5.209931
VHL18291,2.8427896
VHL13553,5.234436
VHL11440,5.226003
VHL15887,3.9204478
VHL17489,16.779253
VHL16271,5.8023386
VHL15007,38.121742
VHL15329,13.114702
VHL13826,3.4303315
VHL11568,6.6563773
VHL13578,7.290382
VHL16302,3.220902
VHL12677,2.3513196
VHL18866,4.013145
VHL11976,4.665605
VHL17817,11.989757
VHL16893,5.4153767
VHL11075,2.8277805
VHL14865,5.943916
VHL13535,2.0375566
VHL16299,28.110168
VHL19327,2.5981472
VHL10055,2.614765
VHL14258,2.4508681
VHL11527,5.170012
VHL17682,0.23313856
VHL10073,13.573614
VHL14599,30.772192
VHL15495,7.2714567
VHL13387,2.6963294
VHL19505,3.96544
VHL16307,1.5825258
VHL11034,126.58414
VHL13625,2.9279406
VHL19623,3.4400365
VHL10838,3.0228043
VHL11711,2.6379507
VHL14148,4.8228903
VHL15745,0.6621096
VHL15705,4.9361987
VHL14767,11.11395
VHL10108,7.0743704
VHL17818,3.075494
VHL18324,5.0407033
VHL19741,7.095468
VHL11815,6.516739
VHL18939,5.2925534
VHL18042,1.1723047
VHL13176,2.9727974
VHL16859,4.3562317
VHL14405,2.4075835
VHL14751,10.766013
VHL18416,3.148525
VHL13952,10.32711
VHL14726,3.8294458
VHL11889,5.2549343
VHL12851,30.521292
VHL12862,4.7783227
VHL14262,13.530673
VHL13520,5.8230157
VHL14967,3.0332985
VHL14728,0.23643132
VHL15340,9.452225
VHL14760,7.032317
VHL18498,2.7974644
VHL18440,5.6293807
VHL18477,5.881326
VHL16456,12.489762
VHL19596,2.9974217
VHL19616,16.556652
VHL12885,18.828516
VHL13080,9.859468
VHL10988,6.049917
VHL16251,4.995928
VHL16941,5.331584
VHL19708,6.8306227
VHL13116,31.2144
VHL17823,11.3348
VHL14587,12.887939
VHL16807,4.5501575
VHL15706,2.882965
VHL19568,5.47499
VHL12877,14.893652
VHL16412,2.715161
VHL18036,75.34631
VHL16860,21.922562
VHL14755,3.8820493
VHL19234,27.36191
VHL13272,3.850331
VHL16892,2.2389143
VHL17413,9.325946
VHL18817,3.2991338
VHL11681,5.0830836
VHL10192,10.133388
VHL16374,3.5406818
VHL17630,10.311681
VHL15610,5.4807973
VHL11364,3.9478672
VHL13136,41.840366
VHL10038,12.078911
VHL12580,5.0439935
VHL14253,10.21434
VHL17421,15.551864
VHL15458,4.4894433
VHL12574,3.1924102
VHL14109,12.11726
VHL15943,6.2690077
VHL17404,2.8109045
VHL14940,6.812088
VHL16625,9.080817
VHL12066,6.447442
VHL12899,7.69686
VHL11652,7.324467
VHL17554,281.10123
VHL11567,5.4052854
VHL10163,7.3859963
VHL10355,13.733262
VHL12041,4.632212
VHL13416,7.272231
VHL15974,3.63613
VHL12082,4.235757
VHL12319,2.4897485
VHL12556,5.48815
VHL18675,3.3439322
VHL13381,1.9972578
VHL14325,92.76073
VHL15875,3.757908
VHL10638,4.0629025
VHL10544,10.336701
VHL11654,3.1087568
VHL14423,0.84743166
VHL14569,4.848313
VHL15007,1.4862969
VHL18221,21.276312
VHL10785,6.3290596
VHL16546,3.230228
VHL19173,10.92561
VHL11731,16.093374
VHL18180,4.0355663
VHL19452,8.633156
VHL16163,5.070022
VHL14877,4.1759152
VHL10102,45.1419
VHL16046,13.324399
VHL13684,17.211348
VHL18749,37.788445
VHL15304,10.600896
VHL10117,36.63601
VHL19957,2.1400275
VHL19132,4.5995803
VHL15383,6.988487
VHL10136,34.383736
VHL17919,4.2215924
VHL11444,3.1946034
VHL18795,32.733105
VHL12062,12.71419
VHL15890,4.5198984
VHL17372,10.638873
VHL12038,9.778523
VHL19368,3.3241358
VHL10476,3.6615005
VHL14079,3.3125114
VHL10401,8.410793
VHL12810,40.629345
VHL19466,3.1624715
VHL15757,5.9020925
VHL15894,3.388673
VHL18056,10.504913
VHL16634,5.324962
VHL16608,4.571993
VHL19831,4.17621
VHL13863,11.673036
VHL11159,2.3606167
VHL15412,10.047233
VHL10730,6.606716
VHL17248,3.1412826
VHL16421,12.230649
VHL11328,3.699095
VHL18439,4.7068024
VHL12340,5.195266
VHL10461,5.5047135
VHL15024,5.7765784
VHL11850,15.899933
VHL16423,7.245752
VHL16427,9.3294
VHL13444,1.6218767
VHL16609,1.2388031
VHL11522,7.027234
VHL11433,7.238505
VHL15853,3.026329
VHL14168,3.565335
VHL19004,7.894406
VHL10827,19.18104
VHL19998,4.415831
VHL14997,2.5424464
VHL15827,7.098101
VHL18844,6.3864946
VHL10076,13.0543995
VHL16342,1.9244819
VHL19420,4.6061945
VHL12762,3.3077917
VHL16916,5.1472983
VHL10660,5.132297
VHL18142,6.18782
VHL13721,1.0256484
VHL18101,5.3212233
VHL11732,3.9819012
VHL14351,3.9916303
VHL16617,4.956117
VHL13840,6.3988853
VHL10596,2.9082968
VHL19148,6.6458464
VHL16845,12.03974
VHL17262,10.525382
VHL17801,9.1561365
VHL18039,18.743364
VHL15369,11.723595
VHL14483,4.7001843
VHL19700,6.5900517
VHL15877,4.423662
VHL15552,12.4078665
VHL18756,8.456625
VHL10301,9.96602
VHL17678,12.914699
VHL17604,3.1154468
VHL17969,91.44504
VHL17089,9.849492
VHL13239,56.23126
VHL12466,3.2714415
VHL16020,5.947492
VHL15014,4.827764
VHL13302,4.3932686
VHL17986,5.964281
VHL14724,4.358033
VHL15147,3.345613
VHL15325,10.422699
VHL16131,20.164537
VHL14868,1.8540328
VHL15382,28.611366
VHL12164,3.4045503
VHL11723,2.8816571
VHL14888,6.9285827
VHL17997,3.324356
VHL11576,7.0983143
VHL16048,7.279441
VHL17795,2.663982
VHL15642,6.2460775
VHL13953,0.6981449
VHL10189,12.262313
VHL13338,6.652054
VHL19247,35.081623
VHL16429,20.959229
VHL10272,6.126369
VHL12716,7.7131686
VHL12652,5.672311
VHL13545,7.8112955
VHL11323,2.061694
VHL15121,4.253502
VHL17568,17.56766
VHL11886,7.3907595
VHL17402,10.795462
VHL10243,10.136949
VHL13407,3.6371152
VHL12149,4.669842
VHL11037,8.111226
VHL17924,7.930771
VHL12180,8.689262
VHL14683,6.304197
VHL18920,3.9124308
VHL12024,3.672628
VHL13968,99.32321
VHL11079,4.8203487
VHL14355,4.550037
VHL11824,3.7517598
VHL19942,4.901975
VHL12917,61.237785
VHL15326,19.439764
VHL13585,7.006746
VHL12069,5.8620663
VHL17056,6.8071523
VHL10515,7.3732986
VHL16435,5.5091667
VHL17564,2.8941414
VHL18798,5.033716
VHL10222,9.802823
VHL17645,2.8144813
VHL10810,1.3522594
VHL14216,13.071407
VHL13799,1.8850491
VHL19965,5.329592
VHL18568,9.576813
VHL17957,6.5541334
VHL11023,10.30225
VHL17797,9.620247
VHL16174,6.3538256
VHL15112,2.5345964
VHL10167,12.809428
VHL18749,4.2574654
VHL16276,13.22515
VHL15593,9.740221
VHL18474,5.5386944
VHL13000,4.4414744
VHL10796,6.775282
VHL16443,11.073635
VHL13954,9.486845
VHL12761,5.238886
VHL17916,7.4272995
VHL13145,14.1123295
VHL19331,31.158478
VHL15623,16.171188
VHL13922,11.301114
VHL11222,4.39922
VHL15425,6.93225
VHL19072,4.162454
VHL18649,12.301335
VHL14730,2.6505575
VHL12512,13.531717
VHL18486,1.9292495
VHL13182,5.315662
VHL19735,9.431486
VHL13370,28.067574
VHL15038,17.17406
VHL13034,2.6969895
VHL16581,24.765614
VHL12113,6.384694
VHL16914,19.907724
VHL18231,19.637285
VHL14192,12.787898
VHL10404,14.178695
VHL10084,27.982454
VHL13855,46.34914
VHL14027,7.0798473
VHL16209,2.7676864
VHL11144,22.323292
VHL18646,11.266392
VHL16431,4.0466156
VHL16873,2.158372
VHL19594,12.104048
VHL18630,5.6523013
VHL17288,3.2316887
VHL13113,3.1293476
VHL18865,5.783976
VHL18260,5.7937984
VHL13198,3.427476
VHL11475,5.137714
VHL18584,10.195581
VHL14768,33.20033
VHL16073,6.5482206
VHL15742,4.5103273
VHL18879,2.224975
VHL12038,3.4419823
VHL19728,5.3915267
VHL17986,2.5841706
VHL18819,5.9376044
VHL12225,2.1436136
VHL19157,5.6995134
VHL19615,3.540522
VHL17175,4.3901505
VHL13050,5.355657
VHL13123,3.3216286
VHL16065,1.8450369
VHL12484,3.3741438
VHL11338,15.451486
VHL17289,9.800694
VHL15447,4.761671
VHL18803,6.3570056
VHL18294,4.1734853
VHL15133,1.8538364
VHL10657,3.4961643
VHL10619,6.487212
VHL17912,13.983178
VHL18164,5.8654227
VHL14504,4.43555
VHL18885,4.1604767
VHL10118,4.5381866
VHL17852,4.1676903
VHL18834,7.4565654
VHL11508,1.4735144
VHL17633,2.4582422
VHL15893,7.535501
VHL14089,16.94455
VHL18800,44.808323
VHL12314,3.3079436
VHL18047,13.565027
VHL11118,4.719884
VHL17922,2.1820014
VHL17121,2.5205352
VHL13960,4.1544385
VHL15350,6.0770597
VHL17939,6.0357
VHL11888,5.912279
VHL17044,5.529687
VHL10290,22.52467
VHL19497,9.579696
VHL17807,9.563261
VHL11467,95.29056
VHL14703,8.345673
VHL17518,3.4400365
VHL19578,3.164082
VHL10425,23.286552
VHL11304,1.6404299
VHL10086,6.215276
VHL19512,6.1534176
VHL13350,2.9142413
VHL12694,80.48005
VHL12838,30.41439
VHL16255,5.219317
VHL15196,4.2299833
VHL16844,14.224332
VHL10977,16.489313
VHL18145,6.7323275
VHL12297,4.44838
VHL15274,15.355702
VHL15478,7.040117
VHL16940,3.041634
VHL14407,1.3289403
VHL19544,9.852077
VHL10519,38.558544
VHL16928,6.7778497
VHL11692,3.5071054
VHL15180,5.069943
VHL19040,4.108075
VHL11628,8.181178
VHL19845,4.4764633
VHL16574,64.1511
VHL14807,4.995311
VHL11188,16.093142
VHL18077,21.849112
VHL14836,4.586404
VHL13406,2.287697
VHL18365,2.1745412
VHL18328,1.7278534
VHL14695,4.1335745
VHL12724,5.1564884
VHL10202,3.5673683
VHL12815,3.5375772
VHL12630,2.974104
VHL14283,10.884825
VHL18698,4.8457193
VHL10141,5.820527
VHL16204,7.9884787
VHL11310,5.728739
VHL18878,4.1957865
VHL19310,10.116431
VHL18219,4.8291116
VHL13108,6.174075
VHL14070,34.525055
VHL16891,1.8756489
VHL10398,7.290382
VHL12755,4.3299394
VHL12995,4.26748
VHL12158,1.9989376
VHL17814,1.2480444
VHL15098,4.4389405
VHL13066,6.0717154
VHL13362,4.549981
VHL13443,5.762171
VHL18173,3.4833617
VHL16277,8.847653
VHL17380,6.2949686
VHL18129,5.879821
VHL11891,3.5761561
VHL11042,5.3843913
VHL16137,4.927893
VHL13400,7.8392296
VHL19399,38.935093
VHL16723,4.0458207
VHL12416,7.369521
VHL10350,4.410062
VHL13811,1.575341
VHL13916,3.9561696
VHL11857,0.7279332
VHL12040,2.8488393
VHL10872,8.968265
VHL14351,11.855754
VHL18230,-12.879904
VHL14851,13.235017
VHL19426,6.0893807
VHL12795,4.0047145
VHL16882,19.22779
VHL15924,3.4283693
VHL10807,2.5821505
VHL10611,6.1641793
VHL15296,5.634314
VHL11333,9.945111
VHL18616,2.4056523
VHL15633,2.9101496
VHL15157,7.9773774
VHL16982,2.6956213
VHL13879,12.131687
VHL17585,5.6428995
VHL13116,2.194675
VHL16982,3.7223706
VHL18017,8.094877
VHL19155,10.889449
VHL19997,3.260276
VHL19660,5.315662
VHL19990,6.8258543
VHL13582,4.770847
VHL15998,15.074136
VHL13285,3.1025312
VHL16586,4.2717123
VHL15120,7.497155
VHL14954,6.692019
VHL18066,-1.3646575
VHL13559,6.297445
VHL14707,6.364214
VHL12562,7.727069
VHL15527,1.3200084
VHL12878,9.073675
VHL12507,1.1825826
VHL14699,5.700192
VHL14730,13.631567
VHL16614,4.0906935
VHL13024,6.346174
VHL19915,5.404774
VHL13101,6.837611
VHL13052,1.7557641
VHL19820,25.579285
VHL11562,2.3708274
VHL16424,10.520728
VHL10876,10.895752
VHL12199,5.078112
VHL17320,8.72032
VHL13599,4.1934357
VHL15761,3.6400483
VHL12114,3.596858
VHL14797,4.3712215
VHL10360,9.984627
VHL11344,26.385895
VHL13709,0.7671071
VHL19962,9.005431
VHL11021,2.93693
VHL11988,5.33996
VHL18459,4.640653
VHL12547,10.835426
VHL17688,5.436803
VHL10267,21.257322
VHL17363,11.266504
VHL19946,13.802278
VHL17698,6.1486497
VHL10234,6.3590193
VHL13897,17.473108
VHL13543,2.6813323
VHL11002,7.452534
VHL19102,5.1420436
VHL17633,22.534344
VHL18124,3.5004313
VHL16120,1.3140788
VHL19186,6.569821
VHL18664,2.3923898
VHL17083,21.736439
VHL13077,8.155412
VHL17267,6.86712
VHL18565,13.383975
VHL13814,4.650613
VHL18967,17.864342
VHL13503,10.088825
VHL13644,3.5327137
VHL17079,10.633239
VHL15239,8.7274275
VHL17245,3.3813133
VHL10153,99.70437
VHL19693,3.2378712
VHL10773,15.211687
VHL11413,2.5575545
VHL10223,28.646852
VHL18530,0.9518253
VHL12551,12.39328
VHL17602,3.7793212
VHL13375,24.080856
VHL13337,31.451824
VHL18551,3.7314808
VHL17882,2.9141195
VHL17761,5.682196
VHL12646,7.8401957
VHL15219,20.191511
VHL14365,7.0016003
VHL16915,1.7992694
VHL10906,4.709903
VHL13513,6.8169503
VHL14542,12.087639
VHL14200,6.961364
VHL18013,5.9642067
VHL14772,15.478999
VHL13641,5.7803917
VHL15001,3.724483
VHL10409,6.612364
VHL12698,11.485332
VHL14128,3.995774
VHL10621,4.545874
VHL13729,5.3422503
VHL16191,4.816947
VHL11188,10.581042
VHL14810,35.032322
VHL16357,1.6886767
VHL18353,13.910164
VHL15843,3.5268505
VHL10210,2.6375113
VHL17457,3.9604626
VHL11022,7.4157825
VHL16541,3.2543564
VHL17647,2.6557796
VHL11229,15.87135
VHL17996,1.5995734
VHL17089,4.795863
VHL19543,8.0592165
VHL19715,28.43199
VHL17944,10.32711
VHL16820,58.459324
VHL14857,6.8812723
VHL17512,6.1044016
VHL16649,13.780754
VHL14838,11.081627
VHL14568,4.391312
VHL17525,11.491371
VHL16117,5.2713485
VHL13135,4.7549844
VHL19812,4.183203
VHL17027,7.1355314
VHL14654,3.6843348
VHL12420,11.300916
VHL10360,5.0830836
VHL13629,16.024923
VHL16737,5.2944036
VHL15446,8.066161
VHL10946,3.3177588
VHL13953,2.7805197
VHL17303,17.905497
VHL15447,3.4106274
VHL12854,5.771242
VHL12567,5.155753
VHL19137,3.01508
VHL19411,2.9173536
VHL10923,3.1251209
VHL17236,3.5282888
VHL19462,41.033844
VHL13097,4.915126
VHL19969,8.0199585
VHL11860,3.6526024
VHL18943,3.6727784
VHL11672,11.036962
VHL10815,2.376109
VHL16245,4.1099796
VHL14969,14.382992
VHL19652,4.255733
VHL11330,9.852176
VHL19827,32.380413
VHL10484,6.0046434
VHL11394,0.7318607
VHL18787,29.232431
VHL11803,7.000414
VHL12784,4.394628
VHL17216,11.490632
VHL10033,12.532367
VHL11776,3.6888895
VHL14947,14.35442
VHL17522,3.869453
VHL14197,5.428636
VHL13071,3.0332484
VHL17406,5.041825
VHL12174,9.645806
VHL12440,1.6817662
VHL12462,5.0968075
VHL12158,3.9179237
VHL14899,3.0430856
VHL11281,11.051779
VHL10913,10.032275
VHL19630,7.3796906
VHL19709,3.3894327
VHL14819,5.2999935
VHL15381,1.2632498
VHL14781,1.1224179
VHL18728,13.073882
VHL16520,2.963539
VHL10643,61.373314
VHL19438,18.188454
VHL14103,2.0783901
VHL19088,4.7962155
VHL15456,7.6252103
VHL16411,3.3810084
VHL19044,3.183822
VHL15194,14.864526
VHL11490,9.960979
VHL13904,6.6463566
VHL15148,16.75425
VHL10918,11.347048
VHL19119,16.393978
VHL10313,10.234173
VHL17176,38.30529
VHL17166,3.7140534
VHL11166,3.4317248
VHL19144,17.907127
VHL17259,31.590122
VHL11965,16.60072
VHL13791,2.4722748
VHL12309,8.070343
VHL18687,0.9025201
VHL10199,8.302691
VHL18562,8.720767
VHL14042,5.1308703
VHL19017,3.9495177
VHL18805,3.6258214
VHL18622,10.041012
VHL14045,27.68791
VHL17010,2.874126
VHL16993,1.5680724
VHL16050,4.0908384
VHL16363,3.5978885
VHL10287,3.4241064
VHL19873,17.536337
VHL15450,4.592971
VHL14789,4.8267956
VHL14379,2.877057
VHL10911,-0.011347683
VHL10449,14.127007
VHL19705,7.469931
VHL14766,11.900977
VHL16203,10.470592
VHL14855,4.794143
VHL14661,293.69925
VHL19859,2.0545948
VHL14028,3.3370092
VHL14991,2.1774054
VHL15291,4.3393335
VHL16047,7.946425
VHL12253,5.7418857
VHL10428,4.3894405
VHL15237,49.63139
VHL16101,9.037921
VHL16143,23.508575
VHL10257,13.541516
VHL16662,46.261665
VHL19799,45.52701
VHL14241,14.51321
VHL17705,19.336315
VHL17529,1.3430098
VHL15191,4.9725637
VHL17451,7.294489
VHL17879,8.212663
VHL19264,0.27444798
VHL19009,32.598984
VHL10568,3.731154
VHL19545,4.057983
VHL16822,5.6817746
VHL10957,23.506851
VHL15607,2.2837582
VHL12093,58.37283
VHL19096,39.719376
VHL18288,4.4427285
VHL11310,4.5614905
VHL19333,19.384512
VHL13823,12.150745
VHL19965,7.424851
VHL16917,3.9389215
VHL11177,3.2711086
VHL16853,13.389356
VHL18554,59.915653
VHL18562,17.861635
VHL10753,10.077514
VHL16804,4.7594333
VHL18774,13.63236
VHL15561,3.0571873
VHL12265,8.823111
VHL10021,1.4817591
VHL18216,3.731154
VHL18297,21.736439
VHL15781,1.6577171
VHL12134,0.20864879
VHL12909,6.652054
VHL19963,9.1032505
VHL16014,3.8957489
VHL14675,3.7150412
VHL19999,3.1610022
VHL15433,4.7754126
VHL12937,3.9082718
VHL11373,40.568237
VHL17859,0.9252216
VHL10314,9.306206
VHL18773,5.892204
VHL16942,6.4349546
VHL18334,7.8712916
VHL17910,3.1068084
VHL18494,8.1851425
VHL12860,3.181722
VHL10204,4.1583343
VHL19924,10.622983
VHL13255,7.4379306
VHL12057,6.5077167
VHL19296,3.65192
VHL10104,12.281449
VHL14185,2.6367307
VHL15914,4.275334
VHL11633,3.0434384
VHL10331,3.381679
VHL15981,6.659929
VHL18376,10.7178335
VHL14890,7.9061522
VHL14283,31.646446
VHL15877,61.97928
VHL10019,9.880415
VHL10439,1.5071355
VHL18436,38.74923
VHL11989,9.151787
VHL19813,7.6870327
VHL15869,23.27553
VHL13464,3.3324897
VHL14974,5.1201324
VHL13446,2.9000473
VHL11326,2.954547
VHL12561,5.012647
VHL12421,4.801645
VHL15061,26.705402
VHL16174,11.488534
VHL14500,15.543401
VHL16937,20.586239
VHL13576,13.47646
VHL12458,7.206787
VHL11965,15.773808
VHL11890,3.1073587
VHL14930,4.5372458
VHL16445,5.3438506
VHL11308,13.753258
VHL17652,6.93459
VHL13004,12.312612
VHL10262,5.2819853
VHL13111,3.6436768
VHL13568,6.371067
VHL12606,3.9054718
VHL15786,6.675764
VHL11054,12.816211
VHL15167,5.5012336
VHL14716,46.45918
VHL11763,5.6959004
VHL17885,5.251647
VHL16048,4.2628922
VHL17032,8.620677
VHL10344,16.301083
VHL13463,9.831466
VHL12903,5.2196503
VHL14551,31.334324
VHL14763,5.913229
VHL19270,5.356722
VHL12817,7.039687
VHL18354,6.4550486
VHL12185,3.4052634
VHL14983,21.026812
VHL15530,13.59515
VHL15827,7.8784537
VHL14886,20.257921
VHL17643,4.244341
VHL16987,13.006655
VHL14294,5.9338617
VHL16175,16.48008
VHL18639,4.8081865
VHL13640,4.3976
VHL17895,2.7084706
VHL19307,0.1167574
VHL19436,2.7563252
VHL19809,13.129501
VHL10638,2.890167
VHL13859,1.7798073
VHL11640,3.815733
VHL13661,3.3054905
VHL15523,5.43488
VHL12838,10.804639
VHL11312,6.622612
VHL12699,6.540742
VHL14640,3.1132567
VHL17666,9.610392
VHL14903,8.712027
VHL13835,5.204936
VHL15635,19.151247
VHL19827,27.214874
VHL14808,8.644347
VHL16208,3.731154
VHL18605,4.140485
VHL19751,6.328368
VHL17664,11.3085375
VHL12588,6.096062
VHL17702,31.200161
VHL10842,8.385231
VHL19609,64.20071
VHL12767,3.8230531
VHL13680,12.388149
VHL13507,1.6449295
VHL16160,20.226439
VHL13555,1.9455531
VHL18088,8.870341
VHL16428,2.4071538
VHL11278,-0.3711567
VHL17567,11.690415
VHL16715,4.3632765
VHL15486,4.0163784
VHL10286,6.0691085
VHL13344,4.0146303
VHL17544,13.192088
VHL12579,5.4864774
VHL19966,4.5050297
VHL12989,3.1705143
VHL18968,10.293458
VHL16423,1.3296434
VHL15852,24.11079
VHL16298,0.2027196
VHL13399,3.231906
VHL11381,44.097923
VHL18329,27.079157
VHL13335,4.083512
VHL11885,5.1903696
VHL19284,5.855408
VHL12612,11.003761
VHL15522,6.1353564
VHL16059,13.412617
VHL10388,14.381143
VHL10025,11.985355
VHL14629,2.5004992
VHL10790,2.8138402
VHL17966,7.3569884
VHL12843,10.769681
VHL11996,3.5822341
VHL15688,3.5577378
VHL13110,6.4735003
VHL19865,18.996532
VHL13379,3.0283835
VHL18639,2.983239
VHL16928,8.960539
VHL11725,47.5317
VHL11355,2.355057
VHL17560,14.218242
VHL11885,4.958221
VHL12995,24.973259
VHL11751,5.8386726
VHL14633,23.235695
VHL16853,4.484639
VHL14501,6.0711613
VHL13938,12.010235
VHL12329,-0.026261143
VHL10067,9.522823
VHL19818,6.8291063
VHL12785,3.8422117
VHL13874,3.9971502
VHL18142,26.686237
VHL14855,11.219315
VHL12147,18.84321
VHL15256,22.548233
VHL13751,5.5688186
VHL17863,3.3324897
VHL13981,10.916184
VHL18916,3.8369346
VHL19492,6.1544323
VHL16004,29.658205
VHL15913,3.3605678
VHL16871,7.111569
VHL11388,4.26748
VHL15019,-6.18346
VHL11934,2.6068647
VHL19784,6.9828043
VHL12593,12.463639
VHL15836,12.581024
VHL17034,3.6062968
VHL14607,5.603739
VHL17105,8.960539
VHL18773,3.2547367
VHL12684,33.783638
VHL17154,5.289022
VHL10849,3.3282504
VHL12067,3.9244406
VHL14247,7.698611
VHL18581,2.362881
VHL18516,4.906393
VHL17684,1.0984572
VHL17215,2.4998026
VHL15232,37.442852
VHL19310,5.8258467
VHL12120,5.987894
VHL15455,8.028279
VHL10132,5.556666
VHL12356,13.167319
VHL16995,7.59063
VHL15752,14.428557
VHL12151,7.657007
VHL11902,458.98346
VHL17808,9.316877
VHL17592,2.8795514
VHL16636,5.3995175
VHL11497,6.0314007
VHL17774,25.311182
VHL15919,6.1853857
VHL15172,3.819383
VHL11820,4.977773
VHL13093,20.654488
VHL17445,24.037342
VHL18989,3.0772498
VHL10713,0.9677795
VHL14240,1.7439958
VHL13501,9.261143
VHL18215,8.312132
VHL14878,119.025925
VHL19143,5.806436
VHL10173,8.017157
VHL16962,11.036222
VHL15384,2.4009755
VHL13844,6.2169356
VHL11998,3.2455387
VHL10444,4.2649956
VHL19655,5.251647
VHL18921,6.416545
VHL11774,11.445779
VHL15490,-0.70682037
VHL18694,11.151526
VHL10360,5.5212617
VHL18707,3.1584394
VHL15801,2.5897863
VHL17931,20.618637
VHL16716,17.308392
VHL11290,3.9179237
VHL18180,3.5383425
VHL19935,5.711099
VHL16593,2.882965
VHL17349,0.1362355
VHL18705,2.9796329
VHL18527,5.6500216
VHL18577,6.2079797
VHL15369,20.930819
VHL16140,5.2549343
VHL11458,3.9177172
VHL13652,4.453945
VHL13470,13.698652
VHL17609,5.4302826
VHL16953,2.822585
VHL19670,20.208082
VHL16517,3.5781543
VHL12631,12.351686
VHL14338,1.5071836
VHL13224,3.7656276
VHL19157,3.3759682
VHL10266,1.1707674
VHL11597,6.603223
VHL16219,6.7214
VHL12828,3.3649905
VHL10364,4.1061544
VHL11875,85.73226
VHL10185,2.8184373
VHL12097,14.513537
VHL17691,1.0557585
VHL15092,3.4827054
VHL11628,30.039434
VHL13662,3.545084
VHL11486,5.0314426
VHL18373,9.523036
VHL16605,12.485521
VHL14670,20.838585
VHL19579,2.4029384
VHL15504,2.997734
VHL18831,3.3155258
VHL19404,4.1353474
VHL11218,6.408934
VHL13869,37.769024
VHL19846,8.463072
VHL11677,4.757837
VHL17416,3.0525837
VHL13175,4.146315
VHL17965,10.978406
VHL19048,5.62015
VHL18117,6.8117065
VHL16742,12.235281
VHL10339,3.9472578
VHL14079,4.000317
VHL17034,5.1514263
VHL15903,1.0004945
VHL14643,9.080817
VHL19176,6.305528
VHL16293,4.057983
VHL16573,3.8587773
VHL10615,2.2854912
VHL10834,5.0074625
VHL13200,10.946411
VHL18949,14.346151
VHL14402,3.4160125
VHL16439,10.611023
VHL14135,6.3165836
VHL10015,1.5711315
VHL10388,5.0766172
VHL17226,7.8239026
VHL16884,20.111996
VHL18216,7.78356
VHL19751,7.724801
VHL11071,4.592971
VHL16489,30.846426
VHL12578,6.2860565
VHL10582,7.220606
VHL19617,67.909424
VHL14437,16.209082
VHL11749,6.587502
VHL18131,6.8310804
VHL16700,8.085552
VHL14166,5.892204
VHL19100,2.1765966
VHL11100,10.124394
VHL17954,22.316893
VHL15065,10.530339
VHL14908,13.706065
VHL11925,6.2795444
VHL12725,81.94976
VHL17558,4.454914
VHL12989,7.6064954
VHL11734,21.022413
VHL15324,12.858183
VHL19720,2.2942982
VHL17274,0.5597659
VHL10206,7.2989554
VHL18355,5.398535
VHL16634,6.8802395
VHL15037,6.7736864
VHL19446,10.994491
VHL11255,5.0259266
VHL18968,15.207762
VHL17262,5.5530424
VHL19635,6.70542
VHL13636,5.315805
VHL14827,12.26922
VHL13630,9.331287
VHL18929,4.248284
VHL18493,38.665535
VHL11970,9.681117
VHL18557,4.506332
VHL16603,6.7663803
VHL10144,5.8380156
VHL19283,2.676119
VHL14957,3.5315948
VHL14521,0.94736063
VHL14631,10.260922
VHL10741,4.609039
VHL18773,4.6678734
VHL15546,5.3735633
VHL18796,5.0847697
VHL16777,6.380685
VHL12667,1.8495249
VHL11806,8.12795
VHL16241,2.0521448
VHL11602,7.3250556
VHL10361,1.0398265
VHL11563,4.3631053
VHL18781,8.514607
VHL11605,2.085724
VHL17566,4.069956
VHL14925,6.4500017
VHL17378,15.683542
VHL13933,7.722459
VHL15621,5.342763
VHL11212,6.4176984
VHL17047,1.5925353
VHL18495,12.739814
VHL11789,33.21017
VHL18812,2.8056028
VHL12003,4.6947136
VHL17763,6.676146
VHL10234,8.001796
VHL11820,47.144886
VHL15612,6.369444
VHL16969,4.4858
VHL15883,15.868291
VHL16910,10.284115
VHL15537,35.799217
VHL19483,6.233294
VHL19061,35.666885
VHL10122,75.912125
VHL18413,10.599946
VHL19153,5.3386292
VHL16118,7.0455027
VHL11390,6.2916408
VHL15701,2.749651
VHL12322,27.34118
VHL18493,30.820871
VHL18230,4.235757
VHL10567,5.457414
VHL16862,7.3817277
VHL12040,1.6837311
VHL13506,7.9710817
VHL13379,11.30659
VHL16540,7.8694777
VHL14882,4.7373743
VHL16979,2.8331451
VHL17108,6.4086547
VHL19862,2.380441
VHL19541,3.385709
VHL16650,8.740668
VHL18976,25.41059
VHL15984,8.910489
VHL13017,10.919119
VHL12807,12.155974
VHL16571,8.83881
VHL18496,5.4724054
VHL19085,4.4702587
VHL15655,24.928875
VHL10274,10.129879
VHL17927,20.18409
VHL14169,4.8624616
VHL10088,19.554598
VHL19133,3.6247692
VHL10124,3.4990606
VHL17800,67.94419
VHL12549,19.9357
VHL10900,6.381999
VHL16654,3.1154468
VHL15178,4.953629
VHL10370,54.638126
VHL19083,1.7913746
VHL10667,158.04291
VHL11177,5.9183817
VHL19621,6.6585193
VHL19834,4.7914534
VHL18831,3.2053082
VHL16058,7.5995626
VHL15327,9.230108
VHL10566,5.99533
VHL15911,6.1632733
VHL18703,5.423377
VHL19494,3.2445593
VHL16292,15.88305
VHL12417,5.3830853
VHL16694,10.398303
VHL16876,4.453808
VHL10394,3.3469398
VHL18192,3.1985576
VHL18989,2.9633932
VHL15531,2.946387
VHL19945,7.968359
VHL15352,10.066124
VHL10470,4.2419796
VHL12910,21.722538
VHL19260,6.5654397
VHL18747,18.952543
VHL10865,7.513563
VHL10512,36.15186
VHL19176,4.189164
VHL18494,2.4165678
VHL14953,5.5159364
VHL18146,11.355734
VHL10753,5.118391
VHL13266,11.821878
VHL18142,5.3691425
VHL12499,4.26748
VHL11132,2.614584
VHL16161,3.1815367
VHL16332,2.843394
VHL11947,104.09142
VHL15516,4.1075644
VHL15620,134.31375
VHL11334,10.795393
VHL14676,4.5731297
VHL18063,1.4060479
VHL11305,5.4113894
VHL17190,3.0042262
VHL19509,4.0051823
VHL13065,5.854152
VHL16948,3.8410997
VHL18753,3.4991367
VHL13306,0.59843147
VHL11296,2.9930522
VHL14799,25.313583
VHL16629,128.43774
VHL12469,1.5926744
VHL14725,4.175985
VHL15360,2.6153152
VHL12472,0.3289756
VHL17694,9.672452
VHL19367,5.054755
VHL13921,11.50282
VHL18424,2.7660654
VHL13215,9.867305
VHL19720,6.2886333
VHL19474,6.375765
VHL14718,4.269692
VHL13614,5.9335985
VHL15761,10.543459
VHL15481,1.1146036
VHL10583,1.9585512
VHL10999,5.603932
VHL11387,1.1576864
VHL17201,7.3436656
VHL11541,25.556505
VHL11491,7.8425837
VHL13571,3.2289114
VHL17798,10.68124
VHL11615,3.9875286
VHL17412,13.207792
VHL17680,52.620914
VHL13091,28.036919
VHL13434,6.5392795
VHL15052,6.233294
VHL11742,4.5463142
VHL11925,3.6243722
VHL12016,5.8022666
VHL17513,2.0863678
VHL10564,4.4234886
VHL14087,3.1096087
VHL18246,11.114266
VHL10468,12.015515
VHL18823,4.007584
VHL10264,4.959649
VHL15285,14.772484
VHL16403,63.694912
VHL14260,26.970621
VHL16390,3.1970685
VHL14383,4.9199033
VHL12924,6.3959928
VHL16793,3.5302725
VHL19286,3.4721322
VHL11692,49.720947
VHL19565,4.4587855
VHL12271,12.292163
VHL16387,3.6085205
VHL10067,2.7702084
VHL11055,7.3777237
VHL16282,5.0409856
VHL10373,1.2686312
VHL13130,2.398215
VHL14791,6.424753
VHL17669,231.1795
VHL10245,4.945092
VHL13394,4.229491
VHL13369,5.1089435
VHL12230,20.801306
VHL15024,1.9886456
VHL15401,5.2317414
VHL17830,6.676146
VHL16594,3.5263982
VHL13400,6.2185197
VHL13413,6.701505
VHL11338,14.668842
VHL12928,4.3182144
VHL14141,28.306484
VHL13196,21.674553
VHL17193,4.457521
VHL13848,14.082179
VHL15690,8.094877
VHL14292,6.248013
VHL10249,23.417725
VHL16684,3.743511
VHL13663,3.0667489
VHL16780,11.087423
VHL15195,4.6943483
VHL19709,2.5106478
VHL16300,2.7491515
VHL18402,4.710319
VHL10408,9.59333
VHL17856,8.225559
VHL12909,6.7661133
VHL17579,20.960865
VHL14360,7.330054
VHL16170,25.951431
VHL11625,13.87046
VHL10141,6.1953096
VHL13372,1.4780385
VHL10702,5.5506644
VHL10168,3.042602
VHL17506,6.470462
VHL19811,6.784286
VHL18898,1.2158425
VHL14976,9.938271
VHL19528,8.558644
VHL14747,3.724847
VHL12298,4.895099
VHL12897,104.20415
VHL14501,3.303136
VHL19230,13.684129
VHL17122,2.907217
VHL13093,13.530384
VHL13713,4.4662266
VHL10827,5.22766
VHL14671,6.3641286
VHL19953,5.4602876
VHL14674,13.551239
VHL19651,3.1588368
VHL14860,33.947166
VHL15452,10.426535
VHL11031,5.200259
VHL16763,6.670459
VHL13764,3.5588577
VHL12562,7.043412
VHL11827,5.071543
VHL13929,3.4596272
VHL10039,9.09028
VHL15009,19.853743
VHL13821,11.778618
VHL14348,1.9938114
VHL16840,51.615826
VHL12002,5.484352
VHL10237,12.2897
VHL18738,6.806014
VHL10568,1.0187324
VHL19355,1.1748644
VHL16226,6.7761374
VHL16719,6.867319
VHL14548,4.478178
VHL16912,18.300125
VHL19505,13.730439
VHL16442,3.031585
VHL16825,1.9023719
VHL12658,21.936018
VHL12481,31.646446
VHL18658,8.913146
VHL15493,2.191995
VHL12577,33.622013
VHL13844,6.4952183
VHL12544,3.8794866
VHL14450,6.8342257
VHL16818,3.142048
VHL18694,4.9249253
VHL13597,13.870867
VHL15898,2.2176404
VHL18680,5.6904325
VHL12465,6.657087
VHL12148,1.7055188
VHL19876,4.2091966
VHL19612,11.460625
VHL18169,9.254048
VHL13267,1.5402538
VHL14640,3.954826
VHL15593,3.7906826
VHL16387,28.107264
VHL13148,10.771857
VHL11142,3.9613667
VHL18659,5.9253564
VHL13899,4.690062
VHL18985,8.141071
VHL17250,4.092886
VHL17539,3.668433
VHL18609,3.5357974
VHL11948,3.2253036
VHL11525,4.1395144
VHL12806,29.466955
VHL19564,30.500217
VHL19054,9.259565
VHL18679,4.0471635
VHL19665,3.6178923
VHL12463,2.1282294
VHL10753,1.5535034
VHL11312,7.2086205
VHL12620,2.4135542
VHL17592,3.6009898
VHL11746,3.8891401
VHL14332,2.7748091
VHL19959,6.791997
VHL16741,4.559595
VHL10763,4.0904884
VHL17541,5.1081295
VHL11701,32.500965
VHL10194,4.244871
VHL13479,22.149673
VHL15975,3.2343912
VHL10231,5.083743
VHL18446,3.4780376
VHL19365,22.002058
VHL12815,5.457914
VHL17210,11.947609
VHL14273,6.9686775
VHL16001,1.5714515
VHL17232,26.270208
VHL17877,4.245744
VHL13772,4.580126
VHL14502,0.047347307
VHL12140,4.44831
VHL12267,19.30984
VHL18736,10.570327
VHL17988,84.85767
VHL11233,1.4316795
VHL18205,4.002589
VHL17229,3.9782474
VHL12503,6.011425
VHL16555,7.160343
VHL11608,4.287386
VHL13099,31.038443
VHL10464,4.247352
VHL13660,4.555863
VHL15246,4.90635
VHL18351,5.069943
VHL14567,8.881798
VHL18076,6.0310974
VHL15135,1.6096339
VHL14661,20.322117
VHL13468,6.7528224
VHL18899,2.4499216
VHL10051,4.4945545
VHL12127,3.6288834
VHL12196,4.643106
VHL17014,5.771242
VHL11559,3.430354
VHL10059,10.09011
VHL15739,3.1236513
VHL14808,4.455693
VHL15611,15.729387
VHL14636,136.62819
VHL11570,4.102845
VHL16463,10.924661
VHL16394,5.4948535
VHL13693,4.1080985
VHL12291,5.537574
VHL15561,0.6821085
VHL19493,28.870432
VHL12756,11.341527
VHL10950,2.9798596
VHL16866,1.7003151
VHL12609,4.1299376
VHL12574,5.6316605
VHL17135,1.5983951
VHL13752,14.637151
VHL13546,7.259537
VHL11097,7.206787
VHL18181,3.8891401
VHL10940,3.9712286
VHL16905,6.0738435
VHL19185,10.323217
VHL10923,6.589662
VHL18309,3.296369
VHL19349,10.431477
VHL13590,3.932229
VHL20000,2.046801
VHL12384,3.0730526
VHL13167,7.548567
VHL18928,1.9384456
VHL11333,9.846497
VHL18531,3.2040539
VHL19725,2.6020734
VHL13535,7.858204
VHL15299,17.0924
VHL19132,19.007969
VHL19736,17.824394
VHL11914,6.9320164
VHL14981,35.423588
VHL11507,3.2689486
VHL18768,6.3491106
VHL13208,3.5728776
VHL17200,6.170388
VHL19398,10.876483
VHL10666,36.004013
VHL12919,5.0495105
VHL17972,2.9454527
VHL10315,3.4333742
VHL13868,1.7978134
VHL16268,13.577182
VHL15979,8.67142
VHL14334,7.5750237
VHL19984,4.4598465
VHL15905,15.30018
VHL14849,3.731154
VHL10077,3.2802963
VHL12763,30.237816
VHL13814,5.29884
VHL18236,4.7127953
VHL18380,3.8076015
VHL11075,3.1959972
VHL10482,5.4022355
VHL10117,6.5630608
VHL13673,1.59568
VHL17221,30.113897
VHL11240,5.7791142
VHL12562,3.494216
VHL13799,13.506585
VHL13466,26.689516
VHL14698,5.6123137
VHL15372,4.073515
VHL13032,8.364643
VHL13600,4.6708875
VHL17335,4.231973
VHL15519,5.142568
VHL19609,4.330838
VHL12581,8.489911
VHL18738,1.6444095
VHL15107,1.9254019
VHL16177,9.854779
VHL11709,6.9818287
VHL14469,4.983318
VHL13687,5.3291855
VHL16412,6.1762156
VHL14864,14.176102
VHL15725,4.303562
VHL17141,5.153002
VHL10991,9.113851
VHL10678,3.8726377
VHL13889,6.3845468
VHL17084,7.8415976
VHL15443,2.6140134
VHL10783,2.0962436
VHL19744,3.6078207
VHL18331,7.3730083
VHL16307,8.23282
VHL18003,4.884506
VHL10838,13.744559
VHL13320,88.838234
VHL19953,2.667001
VHL19152,4.747498
VHL15913,81.94976
VHL15341,10.038021
VHL14269,1.7992694
VHL10263,22.012863
VHL10559,6.1478095
VHL17221,10.438723
VHL12379,28.155497
VHL18253,6.1037555
VHL11172,4.5273905
VHL17213,26.983454
VHL18445,5.677544
VHL10808,13.063463
VHL13851,5.4525914
VHL18936,2.317297
VHL17750,2.6647432
VHL14279,11.006059
VHL17407,5.598727
VHL17737,5.698905
VHL11196,4.529267
VHL10773,10.4469385
VHL12028,18.904943
VHL19833,1.59568
VHL13566,3.7856884
VHL18282,7.7612805
VHL11015,2.91197
VHL16696,8.681899
VHL13980,6.1037555
VHL18337,6.8277225
VHL11330,7.2611804
VHL14873,7.549449
VHL15435,3.8013172
VHL13861,18.258646
VHL12073,4.6794453
VHL15320,11.262673
VHL17850,5.578909
VHL16757,8.893077
VHL15181,2.0913367
VHL14613,3.382487
VHL17238,6.3501234
VHL12083,7.526872
VHL16344,3.372024
VHL19413,9.283465
VHL17430,11.326726
VHL14996,6.82828
VHL13423,2.63288
VHL13162,22.77425
VHL14672,5.696254
VHL12020,4.292887
VHL16103,3.2276733
VHL10650,3.4045503
VHL15234,3.7121522
VHL11305,6.611263
VHL18180,10.284409
VHL17458,4.7529197
VHL15835,4.7261343
VHL17211,1.694302
VHL17209,7.26858
VHL18693,4.1057897
VHL18975,5.9148917
VHL18976,4.5463142
VHL15391,4.6290894
VHL13071,15.912858
VHL19241,10.497409
VHL14944,8.303967
VHL19128,25.41059
VHL18577,2.8981373
VHL15429,8.4331045
VHL12217,6.7255754
VHL15705,52.45481
VHL19888,6.3398304
VHL11906,14.676228
VHL15757,24.17934
VHL11938,6.1384435
VHL10969,0.8634892
VHL11777,52.132618
VHL16275,8.530314
VHL14235,14.629218
VHL10496,22.323292
VHL18481,4.724991
VHL17185,5.5612774
VHL15960,7.574443
VHL11313,11.510043
VHL11288,19.762047
VHL12337,13.9834175
VHL14268,3.5989778
VHL10015,20.4295
VHL16136,4.081622
VHL17903,23.439392
VHL14018,9.463838
VHL17473,4.973774
VHL11480,9.136377
VHL13881,4.918976
